Time,Power
0.00120139,
0.247441,
0.396111,
0.553411,
0.708398,Time,Power
Time,Power
Time,Power
Time,Power
0.00396228,0.00363851,0.00455618,0.00587749,
0.196869,
0.340325,
0.486267,
0.641617,
0.807061,
0.960803,
1.1188,
1.26216,
1.40915,
1.55634,
1.70083,
1.84369,
1.9922,
2.13478,
2.2796,
2.42515,
2.57122,
2.71852,
2.86343,
3.01115,
3.15422,
3.30169,
3.45266,
3.60581,
3.75466,
3.90649,
4.05584,
4.20494,
4.35402,
4.5074,
4.65921,
4.8142,
4.96905,
5.11787,
5.26309,
5.41417,
5.56437,
5.71591,
5.864,
6.01761,
6.16136,
6.30806,
6.45446,
6.60943,
6.75662,
6.90653,
7.06227,
7.21071,
7.35432,
7.49988,
7.65489,
7.80653,
7.96283,
8.11521,
8.27042,
8.41363,
8.55963,
8.70292,
8.84059,
8.98292,
9.12009,
9.25952,
9.40452,
9.54442,
9.68331,
9.81985,
9.95886,
10.0992,
10.2372,
10.3757,
10.5219,
10.6629,
10.8031,
10.9474,
11.0855,
11.2222,
11.3604,
11.498,
11.6353,
11.7739,
11.9134,
12.0562,
12.194,
12.3337,
12.4717,
12.609,
12.7495,
12.8884,
13.0282,
13.1687,
13.3079,
13.4472,
13.5888,
13.7286,
13.8633,
14.0093,
14.1479,
14.2884,
14.4259,
14.5651,
14.7029,
14.842,
14.9828,
15.1203,
15.2595,
15.3969,
15.5465,
15.6895,
15.8265,
15.9673,
16.1061,
16.2433,
16.3806,
16.5198,
16.658,
16.7951,
16.9358,
17.0725,
17.2109,
17.351,
17.4898,
17.6293,
17.7675,
17.9071,
18.047,
18.1859,
18.3226,
18.4624,
18.6017,
18.749,
18.8885,
19.035,
19.178,
19.3193,
19.4572,
19.5972,
19.7348,
19.8944,
20.0427,
20.1873,
20.2694,
20.3063,
20.3135,
20.4055,
20.5495,
20.6937,
20.8395,
20.9795,
21.1181,
21.2593,
21.4248,
21.5911,
21.7407,
21.8793,
22.0238,
22.1677,
22.3098,
22.4477,
22.5866,
22.7258,
22.8645,
23.0253,
23.1735,
23.3253,
23.4828,
23.6418,
23.7789,
23.9263,
24.0639,
24.2019,
24.3415,
24.4833,
24.619,
24.762,
24.8957,
25.0357,
25.1855,
25.328,
25.4698,
25.613,
25.7559,
25.9016,
26.0467,
26.1931,
26.3354,
26.4773,
26.612,
26.7487,
26.8869,
27.0388,
27.1762,
27.3134,
27.4546,
27.5958,
27.7345,
27.8772,
28.0247,
28.1695,
28.3138,
28.4573,
28.596,
28.7359,
28.8723,
29.0588,
29.2044,
29.3423,
29.4786,
29.6158,
29.7545,
29.9031,
30.0523,
30.1891,
30.3269,
30.474,
30.6156,
30.7533,
30.892,
31.0433,
31.2015,
31.3575,
31.5152,
31.6665,
31.8217,
31.9783,
32.1386,
32.289,
32.4261,
32.5718,
32.7075,
32.8466,
32.989,
33.1288,
33.2715,
33.4218,
33.5643,
33.7056,
33.8472,
33.9926,
34.135,
34.2775,
34.4208,
34.6092,
34.7924,
34.9376,
35.0818,
35.2257,
35.3636,
35.5025,
35.6378,
35.7757,
35.9141,
36.0563,
36.1956,
36.3333,
36.4732,
36.6086,
36.7448,
36.8822,
37.0263,
37.1675,
37.3115,
37.4585,
37.602,
37.7433,
37.8797,
38.0188,
38.1583,
38.2949,
38.446,
38.5958,
38.7422,
38.8799,
39.0221,
39.1628,
39.3041,
39.4391,
39.5781,
39.7162,
39.863,
40.0027,
40.1411,
40.2778,
40.4172,
40.55,

40.6099,
40.6117,40.615,
40.7901,
40.9342,
41.0722,
41.2124,
41.3507,
41.4902,
41.6299,
41.7666,
41.9037,
42.0449,
42.1835,
42.3224,
42.475,
42.6114,
42.7489,
42.8859,
43.0287,
43.1648,
43.3024,
43.4384,
43.5743,
43.7152,
43.8617,
44.0026,
44.1389,
44.2807,
44.421,
44.5612,
44.6975,
44.8413,
44.9885,
45.1256,
45.2639,
45.4004,
45.5399,
45.6776,
45.8134,
45.9573,
46.0957,
46.2379,
46.375,
46.5184,
46.6585,
46.801,
46.9468,
47.1137,
47.2486,
47.3946,
47.5345,
47.6734,
47.8102,
47.9537,
48.0908,
48.2346,
48.3761,
48.5136,
48.6491,
48.7869,
48.9241,
49.0638,
49.2032,
49.3437,
49.4828,
49.6228,
49.7587,
49.8958,
50.0347,
50.1727,
50.3115,
50.4512,
50.5917,
50.7312,
50.8719,
51.0128,
51.1498,
51.3369,
51.4751,
51.6123,
51.749,
51.8912,
52.0321,
52.1702,
52.3066,
52.4473,
52.5849,
52.7215,
52.8585,
52.9984,
53.1385,
53.282,
53.4181,
53.5557,
53.6919,
53.8333,
54.0006,
54.1424,
54.2813,
54.4176,
54.5892,
54.7268,
54.8704,
55.0067,
55.146,
55.2819,
55.4169,
55.5535,
55.6932,
55.8286,
55.9653,
56.1028,
56.241,
56.3798,
56.5183,
56.6558,
56.7931,
56.9291,
57.0709,
57.2074,
57.344,
57.4801,
57.618,
57.756,
57.893,
58.0295,
58.1702,
58.308,
58.4459,
58.5849,
58.7323,
58.8692,
59.0049,
59.1446,
59.2813,
59.426,
59.5651,
59.7008,
59.8378,
59.976,
60.115,
60.2638,
60.4072,
60.5592,
60.7082,
60.8811,

60.8936,60.8955,
60.9065,
61.0528,
61.2072,
61.3486,
61.4932,
61.6567,
61.8215,
61.9975,
62.1527,
62.2985,
62.4468,
62.5932,
62.739,
62.9076,
63.0657,
63.2108,
63.378,
63.5691,
63.7639,
63.9456,
64.1045,
64.2543,
64.4075,
64.6168,
64.8384,
65.0163,
65.1926,
65.3688,
65.5752,
65.7655,
65.9838,
66.1733,
66.3243,
66.5057,
66.6741,
66.8355,
67.0029,
67.1828,
67.3974,
67.5749,
67.7604,
67.9796,
68.1623,
68.3413,
68.5179,
68.7205,
68.9037,
69.0728,
69.2335,
69.3937,
69.549,
69.7032,
69.8663,
70.0286,
70.1894,
70.3556,
70.5262,
70.6864,
70.8503,
71.0152,
71.2134,
71.3996,
71.5848,
71.7979,
71.9581,
72.1113,
72.2602,
72.4103,
72.5565,
72.7089,
72.8543,
73.0039,
73.1539,
73.3186,
73.6044,
73.8095,
74.0049,
74.2097,
74.3811,
74.5634,
74.7606,
74.962,
75.1444,
75.3138,
75.4852,
75.6372,
75.786,
75.9359,
76.0928,
76.2822,
76.446,
76.5844,
76.7376,
76.8787,
77.0165,
77.1552,
77.3057,
77.45,
77.5924,
77.7346,
77.8713,
78.0086,
78.149,
78.2882,
78.4244,
78.5624,
78.7016,
78.8385,
78.98,
79.1206,
79.2595,
79.4136,
79.5533,
79.6918,
79.8291,
79.9747,
80.1142,
80.2509,
80.3884,
80.5369,
80.7276,
80.9061,
81.0787,
81.1786,
81.1898,
81.2254,
81.3322,
81.478,
81.6195,
81.7647,
81.9041,
82.0413,
82.193,
82.3615,
82.5211,
82.6586,
82.8139,
82.962,
83.1055,
83.272,
83.5375,
83.6859,
83.8345,
83.9793,
84.1266,
84.2712,
84.4099,
84.5508,
84.6903,
84.8266,
84.9739,
85.1214,
85.272,
85.422,
85.5633,
85.7062,
85.8528,
85.994,
86.1376,
86.2834,
86.4336,
86.5733,
86.7215,
86.8697,
87.0132,
87.1652,
87.3193,
87.4704,
87.6341,
87.819,
87.9733,
88.1405,
88.2949,
88.452,
88.6059,
88.7525,
88.891,
89.0359,
89.1748,
89.3135,
89.4547,
89.6355,
89.7735,
89.9104,
90.0498,
90.1942,
90.3587,
90.5265,
90.6658,
90.8103,
90.9495,
91.0905,
91.2332,
91.3701,
91.5082,
91.6574,
91.8046,
91.9426,
92.0944,
92.2335,
92.3757,
92.5166,
92.687,
92.8759,
93.0409,
93.1927,
93.3485,
93.4984,
93.6414,
93.8072,
94.017,
94.2215,
94.4411,
94.6279,
94.811,
94.9688,
95.1344,
95.2871,
95.4527,
95.616,
95.7878,
95.9505,
96.109,
96.2687,
96.4231,
96.5797,
96.7909,
96.9842,
97.1732,
97.3211,
97.4745,
97.6308,
97.7758,
97.9231,
98.0684,
98.2253,
98.3699,
98.5147,
98.6555,
98.7977,
98.9438,
99.0875,
99.226,
99.4043,
99.558,
99.713,
99.858,
100.005,
100.159,
100.307,
100.459,
100.604,
100.746,
100.887,
101.034,
101.19,
101.367,
101.496,
101.503,
101.544,
101.564,
101.724,
101.873,
102.025,
102.184,
102.323,
102.47,
102.622,
102.769,
102.912,
103.062,
103.212,
103.369,
103.508,
103.648,
103.788,
103.931,
104.083,
104.234,
104.376,
104.521,
104.666,
104.805,
104.959,
105.103,
105.247,
105.387,
105.533,
105.671,
105.81,
105.95,
106.092,
106.23,
106.368,
106.505,
106.644,
106.781,
106.919,
107.061,
107.198,
107.339,
107.482,
107.629,
107.78,
107.928,
108.078,
108.222,
108.366,
108.508,
108.649,
108.794,
108.937,
109.089,
109.229,
109.37,
109.509,
109.679,
109.817,
109.958,
110.101,
110.245,
110.385,
110.541,
110.682,
110.827,
110.975,
111.127,
111.273,
111.423,
111.566,
111.725,
111.874,
112.021,
112.164,
112.303,
112.444,
112.588,
112.726,
112.864,
113.01,
113.153,
113.304,
113.457,
113.608,
113.758,
113.908,
114.052,
114.203,
114.353,
114.5,
114.643,
114.795,
114.949,
115.102,
115.252,
115.398,
115.547,
115.697,
115.842,
115.99,
116.139,
116.297,
116.445,
116.597,
116.746,
116.896,
117.046,
117.192,
117.343,
117.489,
117.638,
117.784,
117.933,
118.091,
118.245,
118.39,
118.533,
118.681,
118.819,
118.967,
119.116,
119.255,
119.395,
119.535,
119.724,
119.906,
120.076,
120.255,
120.436,
120.611,
120.793,
120.968,
121.156,
121.298,
121.436,
121.592,

121.8,121.801,

121.838,121.842,
122.049,
122.225,
122.394,
122.556,
122.71,
122.86,
123.002,
123.14,
123.287,
123.471,
123.621,
123.762,
123.912,
124.06,
124.203,
124.38,
124.555,
124.743,
124.941,
125.098,
125.241,
125.389,
125.542,
125.727,
125.902,
126.048,
126.197,
126.359,
126.531,
126.72,
126.887,
127.049,
127.199,
127.345,
127.491,
127.658,
127.817,
127.979,
128.135,
128.281,
128.426,
128.58,
128.728,
128.872,
129.021,
129.164,
129.303,
129.443,
129.599,
129.746,
129.896,
130.042,
130.188,
130.331,
130.494,
130.654,
130.791,
130.932,
131.079,
131.249,
131.405,
131.548,
131.694,
131.836,
131.978,
132.117,
132.255,
132.394,
132.532,
132.673,
132.816,
132.959,
133.107,
133.243,
133.382,
133.52,
133.661,
133.839,
133.994,
134.143,
134.286,
134.424,
134.562,
134.707,
134.86,
135.004,
135.153,
135.296,
135.437,
135.591,
135.754,
135.905,
136.054,
136.199,
136.34,
136.495,
136.639,
136.789,
136.938,
137.092,
137.241,
137.402,
137.579,
137.75,
137.911,
138.072,
138.222,
138.37,Time,Power
0.00178099,
0.159542,
0.318807,
0.473521,
0.62853,
0.792922,
0.981162,
1.15147,
1.30292,
1.46158,
1.61591,
1.7809,
1.93884,
2.0939,
2.2426,
2.39054,
2.54321,
2.70242,
2.85688,
3.00931,
3.16051,
3.31799,
3.50342,
3.65146,
3.80811,
3.97004,
4.16058,
4.34484,
4.51916,
4.70586,
4.88079,
5.02899,
5.2091,
5.35994,
5.51773,
5.69106,
5.86773,
6.02664,
6.17324,
6.32664,
6.48081,
6.66522,
6.84443,
7.04787,
7.22083,
7.38162,
7.5423,
7.70421,
7.86379,
8.02695,
8.17792,
8.33739,
8.49575,
8.64783,
8.80828,
8.96162,
9.11465,
9.26864,
9.4268,
9.58501,
9.73738,
9.89568,
10.0475,
10.2185,
10.3728,
10.5227,
10.6713,
10.8296,
10.9775,
11.1575,
11.3092,
11.4634,
11.6189,
11.774,
11.9262,
12.0787,
12.2274,
12.3773,
12.531,
12.682,
12.8378,
12.9994,
13.158,
13.3356,
13.4888,
13.6457,
13.804,
13.9599,
14.1265,
14.2819,
14.4333,
14.5895,
14.7389,
14.8947,
15.0447,
15.2052,
15.357,
15.5114,
15.6805,
15.8445,
16.0081,
16.1668,
16.3259,
16.5047,
16.6552,
16.8079,
16.9802,
17.1519,
17.3321,
17.5258,
17.6986,
17.8966,
18.0987,
18.2699,
18.4494,
18.6198,
18.7673,
18.9157,
19.0648,
19.2328,
19.3846,
19.5342,
19.6896,
19.8472,
20.0312,
20.1786,
20.3307,
20.4927,
20.6579,
20.8308,
21.0002,
21.1641,
21.3176,
21.4696,
21.62,
21.7743,
21.9292,
22.0845,
22.2554,
22.4187,
22.5845,
22.7482,
22.9192,
23.0816,
23.2583,
23.4117,
23.5656,
23.7273,
23.8955,
24.0514,
24.2145,
24.3663,
24.5199,
24.6724,
24.8393,
24.9878,
25.136,
25.2839,
25.4561,
25.6359,
25.81,
25.974,
26.1343,
26.3,
26.4539,
26.5955,
26.7386,
26.9674,
27.2011,
27.3924,
27.5739,
27.7457,
27.9103,
28.0492,
28.1906,
28.3315,
28.4765,
28.6198,
28.7596,
28.9002,
29.0379,
29.175,
29.3137,
29.4508,
29.5947,
29.7321,
29.8853,
30.0351,Time,Power
0.00139236,
0.157312,
0.311107,
0.464879,
0.620831,
0.778361,
0.936895,
1.09596,
1.25019,
1.41132,
1.57784,
1.75256,
1.92719,
2.10529,
2.279,
2.46531,
2.61636,
2.78857,
2.94295,
3.0949,
3.24607,
3.39849,
3.55502,
3.70215,
3.85417,
4.00281,
4.15651,
4.30837,
4.46033,
4.60933,
4.76248,
4.91668,
5.06842,
5.23573,
5.39173,
5.54425,
5.70085,
5.87678,
6.03792,
6.19212,
6.34853,
6.50203,
6.65578,
6.80499,
6.95801,
7.11583,
7.27173,
7.44827,
7.61015,
7.76798,
7.92569,
8.1192,
8.29678,
8.48787,
8.6651,
8.83347,
8.99891,
9.17003,
9.34492,
9.50282,
9.6607,
9.82459,
9.97689,
10.1277,
10.3066,
10.4776,
10.6382,
10.8,
10.9558,
11.1215,
11.277,
11.4484,
11.6199,
11.7769,
11.9367,
12.087,
12.2401,
12.3968,
12.5565,
12.7231,
12.8754,
13.0306,
13.2245,
13.4024,
13.5641,
13.7496,
13.9142,
14.092,
14.2601,
14.4404,
14.6151,
14.7919,
14.9477,
15.1083,
15.2794,
15.4527,
15.6042,
15.756,
15.9076,
16.0617,
16.219,
16.3736,
16.5301,
16.6847,
16.8378,
16.986,
17.14,
17.3005,
17.4654,
17.6228,
17.7788,
17.9308,
18.0923,
18.2457,
18.4378,
18.5971,
18.7473,
18.8986,
19.0509,
19.2077,
19.3699,
19.5312,
19.6845,
19.8411,
19.9942,
20.1467,
20.3042,
20.4661,
20.6328,
20.7989,
21.0019,
21.1949,
21.3696,
21.5337,
21.7074,
21.8747,
22.0332,
22.1859,
22.3708,
22.5277,
22.6806,
22.8367,
22.992,
23.1457,
23.3029,
23.4592,
23.6232,
23.7704,
23.9242,
24.0778,
24.2338,
24.3904,
24.5407,
24.7004,
24.855,
25.0255,
25.192,
25.3614,
25.5352,
25.6861,
25.8337,
25.9843,
26.1431,
26.3031,
26.4739,
26.6269,
26.7781,
26.9362,
27.0877,
27.2369,
27.3894,
27.5354,
27.6931,
27.8461,
27.9955,
28.1454,
28.3031,
28.4569,
28.6252,
28.787,
28.941,
29.0943,
29.2537,
29.4099,
29.5625,
29.7274,
29.887,
30.0441,
30.1987,
30.3509,
30.5129,
30.6663,
30.8199,
30.9756,
31.1319,
31.2836,
31.4412,
31.5928,
31.7445,
31.8942,
32.0467,
32.2183,
32.377,
32.5343,
32.6835,
32.8377,
32.9939,
33.1489,
33.3015,
33.4572,
33.6078,
33.7584,
33.9081,
34.0636,
34.2141,
34.3762,
34.5309,
34.683,
34.8335,
34.9858,
35.1544,
35.3157,
35.4752,
35.6288,
35.784,
35.9371,
36.095,
36.2456,
36.4005,
36.5481,
36.7,
36.8524,
36.9991,
37.1505,
37.2998,
37.4527,
37.6039,
37.7553,
37.9078,
38.0924,
38.2489,
38.4039,
38.5549,
38.7015,
38.8566,
39.0274,
39.1873,
39.3437,
39.4957,
39.6444,
39.8017,
39.9507,
40.1104,
40.2633,
40.4172,
40.5712,
40.7284,
40.8852,
41.0375,
41.1915,
41.3567,
41.5084,
41.6812,
41.8397,
42.0043,
42.1595,
42.3154,
42.4699,
42.6279,
42.7792,
42.9292,
43.0825,
43.2403,
43.4033,
43.5538,
43.7112,
43.8648,
44.0179,
44.1736,
44.3304,
44.4834,
44.6739,
44.8263,
44.9819,
45.1416,
45.2959,
45.4531,
45.6046,
45.7606,
45.9174,
46.0707,
46.2242,
46.3834,
46.5372,
46.6879,
46.8517,
47.0176,
47.1718,
47.3389,
47.4968,
47.6478,
47.8299,
47.9866,
48.1397,
48.2976,
48.4495,
48.6037,
48.7618,
48.925,
49.0769,
49.2415,
49.3911,
49.5442,
49.6982,
49.8551,
50.0183,
50.1718,
50.3273,
50.4762,
50.6278,
50.8069,
50.9571,
51.1118,
51.2663,
51.4191,
51.572,
51.7188,
51.8735,
52.0305,
52.189,
52.3509,
52.5036,
52.6553,
52.8055,
52.9617,
53.1141,
53.2671,
53.4333,
53.588,
53.7368,
53.9127,
54.0586,
54.2206,
54.3829,
54.5419,
54.7329,
54.901,
55.0547,
55.2105,
55.3654,
55.5278,
55.6817,
55.8314,
55.9831,
56.1364,
56.2871,
56.442,
56.5994,
56.754,
56.9067,
57.0813,
57.2438,
57.4047,
57.5609,
57.7111,
57.8678,
58.0323,
58.1926,
58.3551,
58.5044,
58.6575,
58.8165,
58.9746,
59.131,
59.2826,
59.4371,
59.5888,
59.7483,
59.909,
60.0863,
60.2497,
60.4037,
60.5548,
60.709,
60.8653,
61.0152,
61.1718,
61.3254,
61.4826,
61.6422,
61.796,
61.949,
62.0996,
62.255,
62.4093,
62.5711,
62.7285,
62.923,
63.0818,
63.2546,
63.4375,
63.6287,
63.7856,
63.9464,
64.1101,
64.2688,
64.4266,
64.5787,
64.7335,
64.8878,
65.0484,
65.2089,
65.3659,
65.5161,
65.6743,
65.8252,
65.9811,
66.171,
66.3467,
66.4989,
66.6551,
66.8173,
66.975,
67.1259,
67.2818,
67.4477,
67.6032,
67.7569,
67.9079,
68.0585,
68.209,
68.3629,
68.5138,
68.667,
68.8171,
68.9712,
69.1471,
69.2968,
69.4566,
69.6096,
69.7652,
69.9171,
70.0835,
70.2491,
70.4084,
70.5651,
70.7156,
70.8696,
71.0238,
71.1756,
71.3301,
71.482,
71.6337,
71.7902,
71.9435,
72.097,
72.2947,
72.4683,
72.6243,
72.7829,
72.9423,
73.0968,
73.2493,
73.4039,
73.56,
73.7242,
73.892,
74.0535,
74.2112,
74.378,
74.5293,
74.6866,
74.8369,
74.9963,
75.1665,
75.3622,
75.5164,
75.6791,
75.8376,
75.9933,
76.1529,
76.3066,
76.4654,
76.6223,
76.7785,
76.9399,
77.1176,
77.3231,
77.4795,
77.6324,
77.7901,
77.9473,
78.0987,
78.2499,
78.4028,
78.5543,
78.7135,
78.8688,
79.0267,
79.1858,
79.343,
79.4976,
79.6752,
79.8297,
80.0003,
80.1697,
80.35,
80.5223,
80.6885,
80.8452,
80.996,
81.1565,
81.3202,
81.4754,
81.634,
81.7923,
81.9453,
82.0945,
82.2508,
82.404,
82.5806,
82.7398,
82.8952,
83.0707,
83.2277,
83.3953,
83.5514,
83.7038,
83.8543,
84.024,
84.1835,
84.3485,
84.4985,
84.6588,
84.8115,
84.965,
85.1265,
85.2814,
85.4353,
85.5868,
85.7415,
85.8892,
86.0591,
86.2112,
86.3892,
86.5436,
86.6926,
86.8408,
86.9961,
87.1439,
87.294,
87.4471,
87.6015,
87.755,
87.9038,
88.0574,
88.2206,
88.3726,
88.5272,
88.6848,
88.8384,
88.9916,
89.1419,
89.3068,
89.5007,
89.6574,
89.8076,
89.9614,
90.1134,
90.2731,
90.4274,
90.579,
90.7298,
90.8785,
91.0339,
91.1966,
91.3471,
91.5007,
91.6515,
91.8086,
91.9585,
92.1097,
92.2628,
92.4201,
92.5974,
92.7504,
92.8995,
93.0576,
93.2161,
93.3708,
93.5188,
93.669,
93.8198,
93.9739,
94.1337,
94.2887,
94.4387,
94.5918,
94.7451,
94.9083,
95.0664,
95.2247,
95.3768,
95.5332,
95.6858,
95.8362,
95.9911,
96.1672,
96.3203,
96.4747,
96.6257,
96.7806,
96.9419,
97.0999,
97.2518,
97.4004,
97.5576,
97.7163,
97.8837,
98.0422,
98.2078,
98.3663,
98.5246,
98.6741,
98.8646,
99.0157,
99.1774,
99.3441,
99.512,
99.6776,
99.8416,
100.01,
100.164,
100.308,
100.452,
100.663,
100.919,
101.101,
101.277,
101.513,
101.716,
101.906,
102.074,
102.292,
102.453,
102.591,
102.735,
102.9,
103.079,
103.23,
103.374,
103.534,
103.687,
103.831,
103.97,
104.108,Time,Power
0.00123763,
0.162535,
0.319891,
0.480351,
0.644397,
0.838978,
1.00705,
1.17413,
1.32899,
1.48336,
1.63891,
1.81596,
1.978,
2.14214,
2.30747,
2.46253,
2.61631,
2.76578,
2.91741,
3.07288,
3.23832,
3.388,
3.54589,
3.69945,
3.85038,
4.02186,
4.2289,
4.41793,
4.58721,
4.73744,
4.88975,
5.04258,
5.20202,
5.3559,
5.50901,
5.65801,
5.83522,
5.98617,
6.1475,
6.31086,
6.4672,
6.62125,
6.77863,
6.93198,
7.0844,
7.24289,
7.39699,
7.55142,
7.71213,
7.86894,
8.02904,
8.18647,
8.3466,
8.50987,
8.71413,
8.88551,
9.04679,
9.22185,
9.41339,
9.60222,
9.78846,
9.95887,
10.1392,
10.3107,
10.4895,
10.6481,
10.8234,
10.9751,
11.1296,
11.2858,
11.4389,
11.5882,
11.7398,
11.8937,
12.0537,
12.2099,
12.3671,
12.525,
12.6759,
12.8295,
12.9794,
13.1369,
13.293,
13.4478,
13.6038,
13.7582,
13.9378,
14.0956,
14.2491,
14.4046,
14.56,
14.7151,
14.8796,
15.0406,
15.2124,
15.3647,
15.515,
15.6647,
15.8179,
15.9691,
16.1262,
16.2826,
16.4344,
16.5917,
16.7688,
16.9409,
17.0954,
17.2506,
17.4116,
17.5789,
17.7545,
17.9277,
18.0801,
18.259,
18.4232,
18.5891,
18.7531,
18.9136,
19.0753,
19.2366,
19.3934,
19.5532,
19.7065,
19.8833,
20.0419,
20.1947,
20.3499,
20.5063,
20.6677,
20.825,
21.0076,
21.1928,
21.3698,
21.5716,
21.7565,
21.9307,
22.0903,
22.2484,
22.4116,
22.5634,
22.718,
22.8937,
23.0457,
23.2016,
23.3525,
23.5054,
23.6564,
23.805,
23.9578,
24.1107,
24.2652,
24.4174,
24.5774,
24.7433,
24.9051,
25.0596,
25.2162,
25.3687,
25.5496,
25.7069,
25.8587,
26.0101,
26.1679,
26.3217,
26.4785,
26.6346,
26.7916,
26.95,
27.1127,
27.2748,
27.4358,
27.5902,
27.741,
27.8931,
28.0446,
28.1952,
28.3545,
28.5166,
28.6751,
28.8589,
29.0114,
29.1652,
29.3151,
29.468,
29.62,
29.7743,
29.9265,
30.0798,
30.2388,
30.392,
30.5427,
30.6956,
30.8463,
30.9948,
31.1507,
31.306,
31.4583,
31.6081,
31.7609,
31.916,
32.0671,
32.2167,
32.3938,
32.5431,
32.6933,
32.8464,
32.9963,
33.1549,
33.306,
33.4634,
33.6159,
33.7677,
33.9197,
34.0731,
34.225,
34.3767,
34.5274,
34.6784,
34.8277,
34.978,
35.1298,
35.2835,
35.4643,
35.6162,
35.7655,
35.9147,
36.0718,
36.2345,
36.3998,
36.5553,
36.7078,
36.861,
37.0172,
37.1772,
37.3335,
37.4876,
37.6401,
37.7908,
37.9405,
38.0904,
38.2527,
38.412,
38.5722,
38.7266,
38.8791,
39.0316,
39.2137,
39.3753,
39.5329,
39.6903,
39.8469,
40.0062,
40.1627,
40.3157,
40.4692,
40.6214,
40.7855,
40.9384,
41.0918,
41.2499,
41.4049,
41.5563,
41.7088,
41.8602,
42.0114,
42.1953,
42.3544,
42.5061,
42.6573,
42.8085,
42.9623,
43.1197,
43.2702,
43.4253,
43.5783,
43.7323,
43.8828,
44.0328,
44.2072,
44.3833,
44.5575,
44.7276,
44.8987,
45.0635,
45.2413,
45.3972,
45.5544,
45.7546,
45.9573,
46.1515,
46.3115,
46.4716,
46.6324,
46.7949,
46.9498,
47.1043,
47.2656,
47.4309,
47.6079,
47.7818,
47.9737,
48.167,
48.3773,
48.5513,
48.7105,
48.8892,
49.0439,
49.2063,
49.3708,
49.5262,
49.6808,
49.838,
49.9946,
50.1612,
50.3176,
50.4676,
50.6229,
50.7737,
50.9254,
51.0775,
51.2358,
51.4097,
51.5594,
51.7127,
51.8655,
52.0261,
52.1865,
52.3379,
52.4945,
52.6549,
52.8121,
52.9652,
53.1199,
53.2747,
53.4297,
53.5887,
53.7476,
53.9,
54.0546,
54.2157,
54.3752,
54.5417,
54.6985,
54.8527,
55.032,
55.189,
55.3498,
55.5041,
55.6552,
55.807,
55.9578,
56.1117,
56.2704,
56.4242,
56.5854,
56.7405,
56.8944,
57.0591,
57.2245,
57.3889,
57.5487,
57.7049,
57.8605,
58.0116,
58.1702,
58.3499,
58.5078,
58.6672,
58.8245,
58.9749,
59.1278,
59.2823,
59.4379,
59.5923,
59.7467,
59.8979,
60.0479,
60.202,
60.3527,
60.5257,
60.6996,
60.8536,
61.0099,
61.1773,
61.3384,
61.4901,
61.6766,
61.8417,
61.9904,
62.1524,
62.304,
62.4581,
62.6145,
62.7669,
62.9186,
63.0659,
63.2202,
63.3711,
63.5224,
63.6812,
63.8348,
63.9888,
64.1523,
64.3067,
64.4643,
64.6203,
64.7732,
64.9543,
65.112,
65.269,
65.4244,
65.5821,
65.7418,
65.8954,
66.0543,
66.2159,
66.3993,
66.5566,
66.7151,
66.8687,
67.0275,
67.1863,
67.3406,
67.4921,
67.6428,
67.7972,
67.9503,
68.1126,
68.2707,
68.4436,
68.6,
68.7509,
68.9112,
69.0643,
69.2227,
69.3785,
69.5382,
69.702,
69.8575,
70.0202,
70.1777,
70.3338,
70.4922,
70.6558,
70.8099,
70.961,
71.1227,
71.2764,
71.4254,
71.5784,
71.7487,
71.8988,
72.0515,
72.2043,
72.3624,
72.5175,
72.6667,
72.8197,
72.9754,
73.134,
73.2884,
73.4417,
73.6002,
73.7513,
73.9007,
74.0536,
74.2094,
74.3594,
74.5115,
74.6652,
74.827,
74.9832,
75.1402,
75.3201,
75.4719,
75.6297,
75.7865,
75.9434,
76.0951,
76.2511,
76.4023,
76.556,
76.7154,
76.8682,
77.0285,
77.1868,
77.351,
77.5263,
77.6827,
77.8431,
78.003,
78.1648,
78.3259,
78.5045,
78.6731,
78.8334,
79.0413,
79.2358,
79.4246,
79.6115,
79.7867,
79.9562,
80.1672,
80.3511,
80.5189,
80.6863,
80.846,
81.0163,
81.1792,
81.348,
81.52,
81.6827,
81.8425,
82.0217,
82.1893,
82.3456,
82.5453,
82.6994,
82.8551,
83.0085,
83.1783,
83.3481,
83.5052,
83.6609,
83.8104,
83.9604,
84.1216,
84.2702,
84.4202,
84.6218,
84.7746,
84.9318,
85.0955,
85.2732,
85.4385,
85.5989,
85.7799,
85.9434,
86.0921,
86.2411,
86.381,
86.5254,
86.6725,
86.8181,
86.9606,
87.1028,
87.2518,
87.4016,
87.5437,
87.6875,
87.8333,
87.9784,
88.1283,
88.2673,
88.4138,
88.562,
88.739,
88.8854,
89.0272,
89.1741,
89.3129,
89.4497,
89.5933,
89.7352,
89.8763,
90.0478,
90.2125,
90.3699,
90.5207,
90.6735,
90.8196,
90.9663,
91.1031,
91.2463,
91.387,
91.5342,
91.6808,
91.8225,
91.9654,
92.1077,
92.2504,
92.4048,
92.5467,
92.6888,
92.8436,
92.9865,
93.1315,
93.2715,
93.4244,
93.5698,
93.7134,
93.8566,
94.0001,
94.1498,
94.2929,
94.433,
94.5735,
94.7132,
94.8545,
94.9906,
95.1373,
95.2752,
95.4225,
95.584,
95.7315,
95.8702,
96.0123,
96.1622,
96.3076,
96.4515,
96.5995,
96.743,
96.8995,
97.055,
97.2119,
97.3544,
97.4978,
97.6395,
97.7765,
97.9305,
98.0686,
98.2108,
98.3533,
98.4981,
98.6437,
98.7855,
98.9301,
99.0706,
99.2133,
99.3547,
99.4998,
99.6494,
99.791,
99.9314,
100.075,
100.224,
100.375,
100.526,
100.671,
100.811,
100.955,
101.096,
101.238,
101.396,
101.541,
101.682,
101.823,
101.969,
102.112,
102.255,
102.403,
102.544,
102.687,
102.827,
102.972,
103.116,
103.258,
103.401,
103.543,
103.689,
103.831,
103.972,
104.116,
104.257,
104.395,
104.537,
104.683,
104.823,
104.969,
105.109,
105.247,
105.391,
105.534,
105.678,
105.817,
105.956,
106.097,
106.239,
106.38,
106.526,
106.672,
106.811,
106.954,
107.097,
107.24,
107.385,
107.524,
107.665,
107.805,
107.944,
108.08,
108.226,
108.371,
108.535,
108.687,
108.833,
108.974,
109.113,
109.251,
109.395,
109.54,
109.689,
109.854,
110.018,
110.173,
110.33,
110.478,
110.624,
110.774,
110.917,
111.053,
111.193,
111.336,
111.482,
111.622,
111.765,
111.904,
112.044,
112.181,
112.32,
112.465,
112.609,
112.752,
112.89,
113.028,
113.169,
113.318,
113.462,
113.609,
113.748,
113.887,
114.03,
114.168,
114.307,
114.447,
114.585,
114.725,
114.863,
115.003,
115.142,
115.279,
115.418,
115.557,
115.699,
115.843,
115.983,
116.123,
116.271,
116.415,
116.565,
116.71,
116.854,
116.99,
117.13,
117.271,
117.41,
117.551,
117.694,
117.841,
117.982,
118.125,
118.264,
118.419,
118.562,
118.705,
118.846,
118.984,
119.128,
119.27,
119.407,
119.547,
119.687,
119.836,
119.978,
120.122,
120.263,
120.403,
120.541,
120.682,
120.823,
120.963,
121.105,
121.244,
121.388,
121.541,
121.691,
121.842,
121.992,
122.135,
122.282,
122.441,
122.582,
122.723,
122.874,
123.021,
123.163,
123.301,
123.448,
123.607,
123.754,
123.903,
124.051,
124.194,
124.339,
124.481,
124.626,
124.768,
124.915,
125.063,
125.203,
125.346,
125.484,
125.627,
125.769,
125.905,
126.063,
126.238,
126.432,
126.594,
126.751,
126.892,
127.031,
127.174,
127.333,
127.48,
127.629,
127.773,
127.913,
128.051,
128.193,
128.33,
128.486,
128.637,
128.805,
128.965,
129.125,
129.274,
129.427,
129.572,
129.719,
129.873,
130.058,
130.212,
130.363,
130.514,
130.666,
130.81,
130.95,
131.095,
131.237,
131.379,
131.523,
131.668,
131.811,
131.97,
132.125,
132.265,
132.413,
132.557,
132.699,
132.844,
132.985,
133.126,
133.266,
133.406,
133.542,
133.683,
133.823,
133.961,
134.106,
134.247,
134.388,
134.553,
134.697,
134.843,
134.981,
135.15,
135.294,
135.443,
135.582,
135.726,
135.864,
136.006,
136.147,
136.292,
136.436,
136.576,
136.72,
136.86,
137.004,
137.148,
137.289,
137.44,
137.592,
137.735,
137.877,
138.015,
138.154,
138.294,
138.434,
138.571,
138.715,
138.856,
138.996,
139.14,
139.285,
139.427,
139.57,
139.714,
139.854,
139.992,
140.13,
140.268,
140.409,
140.551,
140.696,
140.837,
140.977,
141.118,
141.259,
141.402,
141.542,
141.686,
141.827,
141.969,
142.11,
142.251,
142.393,
142.533,
142.678,
142.821,
142.963,
143.102,
143.244,
143.384,
143.525,
143.667,
143.813,
143.961,
144.099,
144.242,
144.385,
144.525,
144.685,
144.823,
144.964,
145.105,
145.248,
145.386,
145.53,
145.674,
145.812,
145.951,
146.09,
146.234,
146.373,
146.513,
146.656,
146.802,
146.939,
147.082,
147.218,
147.374,
147.545,
147.697,
147.842,
147.985,
148.13,
148.267,
148.408,
148.549,
148.689,
148.826,
148.966,
149.103,
149.243,
149.38,
149.521,
149.671,
149.822,
149.968,
150.129,
150.28,
150.435,
150.583,
150.777,
150.946,
151.102,
151.262,
151.431,
151.603,
151.759,
151.905,
152.058,
152.2,
152.354,
152.498,
152.645,
152.789,
152.93,
153.069,
153.209,
153.349,
153.489,
153.63,
153.78,
153.951,
154.094,
154.238,
154.38,
154.519,
154.661,
154.801,
154.941,
155.082,
155.245,
155.392,
155.536,
155.684,
155.829,
155.966,
156.104,
156.249,
156.411,
156.569,
156.738,
156.913,
157.073,
157.22,
157.372,
157.514,
157.657,
157.798,
157.938,
158.079,
158.221,
158.364,
158.537,
158.689,
158.835,
159.002,
159.308,
159.734,
159.982,
160.291,
160.571,
160.789,
161.002,
161.209,
161.414,
161.623,
161.795,
161.974,
162.163,
162.364,
162.639,
162.835,
163.046,
163.262,
163.484,
163.663,
163.823,
163.977,
164.134,
164.282,
164.431,
164.584,
164.731,
164.882,
165.035,
165.196,
165.361,
165.53,
165.705,
165.863,
166.01,
166.161,
166.334,
166.507,
166.728,
166.914,
167.097,
167.269,
167.473,
167.639,
167.809,
167.991,
168.166,
168.333,
168.511,
168.69,
168.848,
169,
169.146,
169.298,
169.449,
169.599,
169.743,
169.893,
170.061,
170.225,
170.39,
170.558,
170.727,
170.893,
171.136,
171.484,
171.695,
171.894,
172.088,
172.29,
172.484,
172.661,
172.819,
172.971,
173.119,
173.268,
173.415,
173.562,
173.71,
173.857,
174.007,
174.155,
174.303,
174.448,
174.6,
174.748,
174.892,
175.036,
175.181,
175.327,
175.482,
175.65,
175.826,
175.982,
176.148,
176.346,
176.502,
176.665,
176.85,
177.068,
177.273,
177.473,
177.685,
177.889,
178.062,
178.22,
178.374,
178.529,
178.683,
178.833,
178.978,
179.128,
179.279,
179.429,
179.582,
179.743,
179.948,
180.13,
180.321,
180.518,
180.709,
180.873,
181.026,
181.175,
181.332,
181.587,
181.8,
181.979,
182.139,
182.288,
182.438,
182.596,
182.757,
182.913,
183.063,
183.221,
183.376,
183.526,
183.672,
183.817,
183.961,
184.114,
184.274,
184.436,
184.612,
184.771,
184.93,
185.088,
185.237,
185.384,
185.529,
185.677,
185.82,
185.966,
186.12,
186.288,
186.438,
186.588,
186.734,
186.877,
187.023,
187.166,
187.315,
187.468,
187.616,
187.762,
187.907,
188.051,
188.193,
188.345,
188.502,
188.651,
188.808,
188.966,
189.113,
189.261,
189.406,
189.557,
189.706,
189.851,
189.993,
190.149,
190.3,
190.445,
190.594,
190.738,
190.882,
191.023,
191.164,
191.305,
191.447,
191.596,
191.737,
191.878,
192.019,
192.161,
192.302,
192.444,
192.59,
192.732,
192.872,
193.013,
193.154,
193.295,
193.435,
193.583,
193.733,
193.884,
194.039,
194.204,
194.357,
194.51,
194.667,
194.838,
195.018,
195.217,
195.415,
195.605,
195.771,
195.952,
196.118,
196.267,
196.428,
196.641,
196.819,
196.99,
197.165,
197.326,
197.479,
197.63,
197.783,
197.93,
198.078,
198.225,
198.375,
198.523,
198.672,
198.816,
198.958,
199.101,
199.243,
199.385,
199.53,
199.676,
199.816,
199.958,
200.099,
200.242,
200.383,
200.524,
200.671,
200.813,
200.955,
201.097,
201.241,
201.382,
201.529,
201.674,
201.818,
201.959,
202.103,
202.247,
202.388,
202.53,
202.675,
202.818,
202.966,
203.111,
203.255,
203.398,
203.549,
203.698,
203.842,
203.984,
204.138,
204.289,
204.434,
204.579,
204.738,
204.885,
205.03,
205.174,
205.319,
205.464,
205.612,
205.773,
205.942,
206.092,
206.239,
206.385,
206.529,
206.676,
206.819,
206.962,
207.107,
207.251,
207.393,
207.535,
207.695,
207.845,
207.994,
208.146,
208.293,
208.443,
208.598,
208.747,
208.894,
209.041,
209.187,
209.331,
209.474,
209.62,
209.762,
209.907,
210.065,
210.229,
210.401,
210.558,
210.721,
210.871,
211.016,
211.163,
211.309,
211.451,
211.599,
211.757,
211.905,
212.065,
212.212,
212.358,
212.51,
212.661,
212.807,
212.952,
213.1,
213.258,
213.419,
213.596,
213.774,
213.943,
214.108,
214.272,
214.442,
214.595,
214.813,
215.037,
215.227,
215.401,
215.555,
215.707,
215.857,
216.029,
216.193,
216.343,
216.488,
216.688,
216.876,
217.045,
217.222,
217.411,
217.601,
217.828,
218.058,
218.253,
218.437,
218.62,
218.794,
218.954,
219.102,
219.25,
219.399,
219.542,
219.691,
219.835,
220.051,
220.331,
220.604,
220.821,
221.027,
221.224,
221.387,
221.537,
221.689,
221.832,
221.979,
222.127,
222.274,
222.423,
222.602,
222.749,
222.902,
223.048,
223.193,
223.335,
223.478,
223.622,
223.764,
223.907,
224.049,
224.191,
224.334,
224.478,
224.643,
224.832,
224.989,
225.137,
225.285,
225.433,
225.579,
225.723,
225.865,
226.01,
226.156,
226.301,
226.444,
226.59,
226.731,
226.873,
227.015,
227.159,
227.304,
227.447,
227.6,
227.745,
227.89,
228.033,
228.178,
228.319,
228.465,
228.61,
228.755,
228.897,
229.037,
229.181,
229.32,
229.462,
229.607,
229.749,
229.89,
230.032,
230.177,
230.337,
230.495,
230.651,
230.806,
230.964,
231.146,
231.305,
231.464,
231.632,
231.817,
232,
232.179,
232.368,
232.529,
232.686,
232.835,
232.984,
233.132,
233.283,
233.428,
233.57,
233.717,
233.861,
234.002,
234.146,
234.289,
234.432,
234.573,
234.716,
234.856,
234.998,
235.142,
235.287,
235.459,
235.622,
235.789,
235.939,
236.084,
236.229,
236.374,
236.518,
236.691,
236.846,
236.996,
237.149,
237.297,
237.442,
237.594,
237.738,
237.889,
238.043,
238.195,
238.339,
238.499,
238.659,
238.807,
238.968,
239.12,
239.288,
239.449,
239.607,
239.76,
239.921,
240.076,
240.224,
240.373,
240.553,
240.748,
240.93,
241.11,
241.277,
241.429,
241.576,
241.721,
241.876,
242.029,
242.187,
242.337,
242.49,
242.637,
242.781,
242.936,
243.085,
243.238,
243.383,
243.54,
243.693,
243.845,
244.004,
244.156,
244.308,
244.462,
244.615,
244.765,
244.915,
245.063,
245.227,
245.388,
245.545,
245.706,
245.853,
245.996,
246.14,
246.304,
246.461,
246.617,
246.764,
246.909,
247.056,
247.201,
247.344,
247.497,
247.664,
247.82,
247.984,
248.141,
248.292,
248.443,
248.611,
248.769,
248.921,
249.072,
249.218,
249.381,
249.528,
249.694,
249.843,
250,
250.153,
250.303,
250.453,
250.607,
250.754,
250.908,
251.087,
251.315,
251.497,
251.657,
251.814,
251.968,
252.136,
252.3,
252.449,
252.647,
252.812,
252.963,
253.18,
253.37,
253.542,
253.702,
253.858,
254.012,
254.166,
254.316,
254.463,
254.621,
254.775,
254.941,
255.099,
255.256,
255.408,
255.56,
255.713,
255.86,
256.008,
256.157,
256.301,
256.454,
256.613,
256.764,
256.916,
257.063,
257.21,
257.362,
257.506,
257.662,
257.813,
257.966,
258.115,
258.277,
258.437,
258.606,
258.765,
258.922,
259.068,
259.219,
259.378,
259.543,
259.705,
259.857,
260.022,
260.175,
260.324,
260.472,
260.628,
260.772,
260.919,
261.063,
261.209,
261.357,
261.502,
261.686,
261.858,
262.009,
262.157,
262.303,
262.448,
262.61,
262.758,
262.903,
263.059,
263.212,
263.363,
263.51,
263.658,
263.806,
263.953,
264.104,
264.249,
264.398,
264.541,
264.693,
264.838,
264.983,
265.135,
265.285,
265.435,
265.585,
265.732,
265.88,
266.024,
266.169,
266.311,
266.456,
266.604,
266.747,
266.891,
267.03,
267.175,
267.317,
267.46,
267.605,
267.746,
267.89,
268.035,
268.175,
268.316,
268.463,
268.615,
268.759,
268.903,
269.044,
269.187,
269.329,
269.474,
269.618,
269.759,
269.901,
270.044,
270.188,
270.338,
270.48,
270.623,
270.767,
270.921,
271.106,
271.304,
271.519,
271.725,
271.905,
272.066,
272.215,
272.361,
272.51,
272.662,
272.81,
272.955,
273.1,
273.246,
273.392,
273.539,
273.687,
273.833,
273.979,
274.128,
274.271,
274.415,
274.557,
274.706,
274.85,
274.993,
275.135,
275.282,
275.433,
275.582,
275.734,
275.878,
276.022,
276.166,
276.31,
276.454,
276.616,
276.798,
276.981,
277.162,
277.34,
277.518,
277.683,
277.839,
277.987,
278.132,
278.276,
278.427,
278.571,
278.719,
278.861,
279.001,
279.143,
279.285,
279.426,
279.567,
279.71,
279.852,
279.995,
280.137,
280.277,
280.419,
280.559,
280.702,
280.841,
280.984,
281.126,
281.268,
281.41,
281.551,
281.699,
281.842,
281.996,
282.139,
282.28,
282.437,
282.585,
282.73,
282.871,
283.013,
283.155,
283.295,
283.437,
283.581,
283.742,
283.888,
284.031,
284.174,
284.316,
284.457,
284.605,
284.76,
284.951,
285.14,
285.313,
285.487,
285.643,
285.791,
285.94,
286.092,
286.237,
286.381,
286.525,
286.671,
286.817,
286.962,
287.105,
287.248,
287.391,
287.538,
287.684,
287.843,
287.992,
288.138,
288.297,
288.455,
288.616,
288.771,
288.918,
289.063,
289.21,
289.355,
289.498,
289.645,
289.788,
289.931,
290.073,
290.217,
290.373,
290.528,
290.684,
290.837,
290.987,
291.135,
291.284,
291.428,
291.572,
291.717,
291.861,
292.002,
292.143,
292.285,
292.428,
292.579,
292.74,
292.917,
293.093,
293.255,
293.406,
293.553,
293.698,
293.844,
293.986,
294.13,
294.272,
294.413,
294.557,
294.705,
294.876,
295.021,
295.177,
295.33,
295.478,
295.624,
295.766,
295.91,
296.051,
296.194,
296.337,
296.48,
296.623,
296.768,
296.908,
297.048,
297.228,
297.392,
297.555,
297.71,
297.86,
298.008,
298.153,
298.295,
298.441,
298.601,
298.754,
298.902,
299.055,
299.21,
299.357,
299.501,
299.648,
299.84,
300.045,
300.233,
300.406,
300.599,
300.754,
300.903,
301.05,
301.197,
301.35,
301.495,
301.645,
301.79,
301.934,
302.087,
302.239,
302.387,
302.545,
302.697,
302.844,
303.02,
303.198,
303.359,
303.523,
303.673,
303.817,
303.973,
304.132,
304.292,
304.459,
304.617,
304.765,
304.925,
305.075,
305.223,
305.368,
305.518,
305.693,
305.872,
306.042,
306.228,
306.459,
306.63,
306.803,
306.973,
307.142,
307.31,
307.49,
307.668,
307.858,
308.054,
308.247,
308.432,
308.649,
308.844,
309.016,
309.18,
309.343,
309.513,
309.671,
309.876,
310.056,
310.229,
310.398,
310.567,
310.734,
310.889,
311.038,
311.183,
311.326,
311.479,
311.701,
311.923,
312.105,
312.281,
312.435,
312.589,
312.741,
312.894,
313.043,
313.194,
313.339,
313.487,
313.638,
313.786,
313.936,
314.081,
314.271,
314.424,
314.575,
314.722,
314.872,
315.016,
315.169,
315.319,
315.469,
315.619,
315.77,
315.921,
316.08,
316.227,
316.389,
316.539,
316.689,
316.834,
316.979,
317.125,
317.269,
317.414,
317.562,
317.715,
317.859,
318.003,
318.147,
318.293,
318.443,
318.594,
318.739,
318.889,
319.046,
319.205,
319.351,
319.503,
319.656,
319.801,
319.946,
320.089,
320.232,
320.374,
320.517,
320.668,
320.813,
320.956,
321.117,
321.291,
321.471,
321.647,
321.797,
321.943,
322.088,
322.233,
322.38,
322.529,
322.701,
322.868,
323.045,
323.208,
323.359,
323.507,
323.655,
323.802,
323.948,
324.103,
324.255,
324.407,
324.568,
324.733,
324.886,
325.042,
325.19,
325.335,
325.479,
325.623,
325.764,
325.903,
326.049,
326.194,
326.339,
326.48,
326.622,
326.762,
326.902,
327.05,
327.196,
327.336,
327.478,
327.627,
327.772,
327.921,
328.067,
328.211,
328.353,
328.501,
328.652,
328.798,
328.941,
329.086,
329.231,
329.374,
329.515,
329.656,
329.798,
329.939,
330.083,
330.224,
330.366,
330.507,
330.65,
330.791,
330.932,
331.078,
331.228,
331.388,
331.542,
331.7,
331.847,
331.996,
332.157,
332.302,
332.447,
332.596,
332.744,
332.89,
333.038,
333.185,
333.328,
333.472,
333.617,
333.758,
333.9,
334.049,
334.191,
334.333,
334.475,
334.623,
334.777,
334.922,
335.068,
335.215,
335.359,
335.502,
335.645,
335.788,
335.929,
336.072,
336.214,
336.355,
336.496,
336.648,
336.796,
336.943,
337.103,
337.279,
337.462,
337.647,
337.803,
337.949,
338.095,
338.254,
338.41,
338.56,
338.712,
338.86,
339.006,
339.158,
339.305,
339.486,
339.68,
339.863,
340.054,
340.294,
340.63,
340.868,
341.09,
341.289,
341.484,
341.666,
341.848,
342.001,
342.151,
342.303,
342.455,
342.613,
342.765,
342.913,
343.066,
343.213,
343.357,
343.503,
343.661,
343.838,
344.076,
344.268,
344.442,
344.605,
344.781,
344.981,
345.145,
345.338,
345.599,
345.815,
346.047,
346.388,
346.638,
346.863,
347.156,
347.397,
347.586,
347.777,
347.958,
348.129,
348.288,
348.469,
348.629,
348.787,
348.957,
349.118,
349.275,
349.43,
349.577,
349.723,
349.888,
350.09,
350.314,
350.512,
350.712,
350.903,
351.098,
351.312,
351.501,
351.676,
351.844,
352.009,
352.175,
352.387,
352.555,
352.715,
352.869,
353.034,
353.192,
353.339,
353.482,
353.626,
353.77,
353.92,
354.068,
354.217,
354.362,
354.507,
354.655,
354.812,
354.976,
355.146,
355.32,
355.484,
355.648,
355.825,
355.987,
356.148,
356.317,
356.472,
356.628,
356.801,
356.971,
357.132,
357.282,
357.428,
357.58,
357.749,
357.914,
358.065,
358.212,
358.368,
358.549,
358.717,
358.872,
359.04,
359.198,
359.347,
359.495,
359.651,
359.801,
359.953,
360.109,
360.259,
360.41,
360.647,
360.834,
360.994,
361.148,
361.333,
361.494,
361.645,
361.791,
361.936,
362.081,
362.224,
362.367,
362.511,
362.674,
362.822,
362.968,
363.115,
363.258,
363.402,
363.544,
363.686,
363.827,
363.969,
364.121,
364.285,
364.441,
364.606,
364.757,
364.924,
365.078,
365.225,
365.369,
365.514,
365.671,
365.821,
365.97,
366.127,
366.29,
366.444,
366.601,
366.75,
366.9,